<?xml version="1.0" encoding="UTF-8" standalone="yes"?>
<addons>
	<addon id="repository.tseclifford" version="1.0.0" name="TseClifford Repo" provider-name="tseclifford">
		<extension point="xbmc.addon.repository" name="TseClifford">
			<dir>
				<info compressed="false">https://raw.githubusercontent.com/TseClifford/repository.tseclifford/master/repo/addons.xml</info>
				<checksum>https://raw.githubusercontent.com/TseClifford/repository.tseclifford/master/repo/addons.xml.sha256</checksum>
				<datadir zip="true">https://raw.githubusercontent.com/TseClifford/repository.tseclifford/master/repo/</datadir>
        <hashes>sha256</hashes>
			</dir>
		</extension>
		<extension point="xbmc.addon.metadata">
			<summary>Clifford's Kodi Repository</summary>
			<description>A collection of plugins and repositories"</description>
			<platform>all</platform>
			<license>MIT License</license>
		</extension>
	</addon>
</addons>