<?xml version="1.0" encoding="UTF-8" standalone="yes"?>
<addon id="repository.tseclifford" version="1.0.0" name="TseClifford Repo" provider-name="tseclifford">
	<extension point="xbmc.addon.repository" name="TseClifford">
		<dir>
			<info compressed="false">https://raw.githubusercontent.com/TseClifford/repository.tseclifford/master/repo/addons.xml</info>
			<checksum>https://raw.githubusercontent.com/TseClifford/repository.tseclifford/master/repo/addonsmd5.txt</checksum>
			<datadir zip="true">https://raw.githubusercontent.com/TseClifford/repository.tseclifford/master/repo/</datadir>
		</dir>
		<dir>
			<info compressed="false">https://raw.githubusercontent.com/teamuniversal/scrapers/master/_modules4all/zips/addons.xml</info>
			<checksum>https://raw.githubusercontent.com/teamuniversal/scrapers/master/_modules4all/zips/addons.xml.md5</checksum>
			<datadir zip="true">https://raw.githubusercontent.com/teamuniversal/scrapers/master/_modules4all/zips/</datadir>
		</dir>
		<dir>
			<info compressed="false">https://raw.githubusercontent.com/a4k-openproject/repository.openscrapers/master/zips/addons.xml</info>
			<checksum>https://raw.githubusercontent.com/a4k-openproject/repository.openscrapers/master/zips/addons.xml.md5</checksum>
			<datadir zip="true">https://raw.githubusercontent.com/a4k-openproject/repository.openscrapers/master/zips/</datadir>
		</dir>
		<dir>
			<info compressed="false">https://raw.githubusercontent.com/Gujal00/smrzips/master/addons.xml</info>
			<checksum>https://raw.githubusercontent.com/Gujal00/smrzips/master/addons.xml.md5</checksum>
			<datadir zip="true">https://raw.githubusercontent.com/Gujal00/smrzips/master/zips/</datadir>
		</dir>
	</extension>
	<extension point="xbmc.addon.metadata">
		<summary>Clifford's Kodi Repository</summary>
		<description>A collection of plugins and repositories"</description>
		<platform>all</platform>
		<license>MIT License</license>
	</extension>
</addon>