<?xml version="1.0" encoding="UTF-8" standalone="yes"?>
<addon id="repository.tseclifford" version="1.0.0" name="TseClifford Repo" provider-name="tseclifford">
  <extension point="xbmc.addon.repository" name="Grindhouse">
		<dir>
			<info compressed="false">http://grindhousekodi.tk/grindhouse/repo/addons.xml</info>
			<checksum>http://grindhousekodi.tk/grindhouse/repo/addonsmd5.txt</checksum>
			<datadir zip="true">http://grindhousekodi.tk/grindhouse/repo/</datadir>
		</dir>
    <dir>
			<info compressed="false">https://github.com/TseClifford/repository.tseclifford/repo/addons.xml</info>
			<checksum>https://github.com/TseClifford/repository.tseclifford/repo/addonsmd5.txt</checksum>
			<datadir zip="true">https://github.com/TseClifford/repository.tseclifford/repo/</datadir>
		</dir>
		<dir>
			<info compressed="false">https://raw.githubusercontent.com/teamuniversal/scrapers/master/_modules4all/zips/addons.xml</info>
			<checksum>https://raw.githubusercontent.com/teamuniversal/scrapers/master/_modules4all/zips/addons.xml.md5</checksum>
			<datadir zip="true">https://raw.githubusercontent.com/teamuniversal/scrapers/master/_modules4all/zips/</datadir>
		</dir>
		<dir>
			<info compressed="false">https://raw.githubusercontent.com/a4k-openproject/repository.openscrapers/master/zips/addons.xml</info>
			<checksum>https://raw.githubusercontent.com/a4k-openproject/repository.openscrapers/master/zips/addons.xml.md5</checksum>
			<datadir zip="true">https://raw.githubusercontent.com/a4k-openproject/repository.openscrapers/master/zips/</datadir>
		</dir>
		<dir>
			<info compressed="false">https://raw.githubusercontent.com/Gujal00/smrzips/master/addons.xml</info>
			<checksum>https://raw.githubusercontent.com/Gujal00/smrzips/master/addons.xml.md5</checksum>
			<datadir zip="true">https://raw.githubusercontent.com/Gujal00/smrzips/master/zips/</datadir>
		</dir>
	</extension>
  <extension point="xbmc.addon.metadata">
    <summary>Clifford's Kodi Repository</summary>
    <description>A collection of plugins and repositories"</description>
    <platform>all</platform>
    <license>MIT License</license>
  </extension>
</addon>

</addons>
