<?xml version="1.0" encoding="UTF-8" standalone="yes"?>
<addon id="repository.tseclifford" version="1.1.0" name="TseClifford Repository" provider-name="tseclifford">
  <extension point="xbmc.addon.repository" name="TseClifford Repository">
    <dir>
      <info compressed="false">https://raw.githubusercontent.com/TseClifford/repository.tseclifford/master/repo/zips/addons.xml</info>
      <checksum>https://raw.githubusercontent.com/TseClifford/repository.tseclifford/master/repo/zips/addons.xml.md5</checksum>
      <datadir zip="true">https://raw.githubusercontent.com/TseClifford/repository.tseclifford/master/repo/zips/</datadir>
    </dir>
  </extension>
  <extension point="xbmc.addon.metadata">
    <summary>Clifford's Kodi Repository</summary>
    <description>A collection of plugins and repositories</description>
    <platform>all</platform>
		<assets>
			<icon>icon.png</icon>
		</assets>
  </extension>
</addon>